"The quick brown fox jumps over the lazy dog.","The quick brown fox jumps over the lazy dog.",152,90,227,2,209,242,178,163,104,16,233,9,813,149,125,7,145,113,319,7,1252,202,109,241,114,40,2,411,185,112,125,213,108,90,313,9,1882,147,114,144,205,105,97,5,132,156,80,30,138,89,481,128,109,85,372,107,100,9,710,194,174,676,9,,207
"The quick brown fox jumps over the lazy dog.","The quick brown fox jumps over the lazy dog.",171,117,2,111,79,2,731,121,196,197,69,40,226,8,766,141,126,48,139,141,1400,5,994,170,120,76,110,46,5,516,155,115,101,169,109,11,103,2,216,72,49,158,194,107,77,4,111,142,92,32,97,6,298,48,58,181,328,107,126,6,154,123,137,821,8,176,,172
"The quick brown fox jumps over the lazy dog.","Thd qulck brown fox jumps over the lazy dog.",1301,2776,2803,2711,3412,4166,1522,711,1250,6525,667,709,3405,2800,1554,4545,1199,3288,1288,1949,750,862,709,1814,554,1513,3942,5666,640,1123,1332,594,7633,1162,2365,3260,1430,1534,1010,6107,512,2677,2233,,2227
"The quick brown fox jumps over the lazy dog.","Thequick brown fox jumps over the lazy dog.",994,1338,1296,533,1212,2052,523,2276,3589,420,678,1090,5137,917,6135,1012,2733,886,3489,755,909,493,415,629,440,2065,990,388,849,8182,588,914,929,2396,985,1268,2476,1662,4532,390,465,1719,,1645
"The quick brown fox jumps over the lazy dog.","The quick Brown fox jumps over the lazy dog.  .",57,470,93,296,76,418,5,1015,806,68,202,89,409,88,271,90,1330,5,555,54,366,89,730,93,851,83,457,92,1205,2,404,68,681,73,1870,90,342,5,1198,53,206,85,430,71,280,89,977,452,2,392,42,485,68,255,88,199,83,723,4,329,59,133,87,255,86,755,6,1059,35,589,65,283,87,658,74,279,4,1150,537,544,2955,4,1239,5,7444,,451
"The quick brown fox jumps over the lazy dog.","The quick Brown dog jumps over the lazy fox.",465,83,277,86,319,3,517,639,67,130,93,316,92,349,88,644,3,216,56,215,88,355,83,446,87,647,87,772,7,366,687,609,299,6,526,50,232,80,339,84,332,82,417,736,5,374,47,939,73,265,91,159,84,1012,5,318,60,641,85,203,89,618,5,428,46,397,61,176,75,1683,73,1481,3,1632,70,667,73,1075,84,6277,3,2075,4,,399
"With its blue skies and abundant life, planet Earth is a pretty special place.","With its blue skies and abundant life, planet earth is a pretty special place.",170,124,8,117,17,167,5,200,112,364,113,119,125,5,151,165,183,111,10,147,8,94,111,129,19,72,194,108,39,5,138,132,127,185,7,236,165,129,45,203,44,196,109,148,107,7,372,202,125,71,187,110,376,5,176,259,327,125,1475,75,35,171,107,47,5,790,183,126,168,107,91,112,119,105,175,7,247,110,206,5,130,148,8,1286,79,36,129,118,106,114,31,226,106,157,7,142,160,60,64,170,104,27,108,69,121,257,5,549,204,108,32,174,109,24,1605,5,,160
"A salmon's sense of smell is thousands of times better than a dog's.","A Salmon's sense of smell is thousands of times better than a dog's.",229,3,126,165,122,2,112,111,217,219,102,3764,104,2094,118,138,3,1037,237,116,76,117,246,77,12,2,258,91,177,4,118,164,94,37,116,166,107,118,7,200,113,28,127,92,8,166,195,115,136,105,87,106,6,219,132,134,105,90,547,8,227,118,202,13,120,123,120,97,68,222,110,8,178,69,240,162,114,124,198,104,26,14,68,178,109,63,92,18,233,6,166,227,13,348,173,186,1151,759,1763,7,,217
"When a book lover is in charge of the floor plan.","When a book lover is in charge of the floor plan.",150,121,2,112,109,120,3,185,101,6,318,138,122,49,118,69,187,7,222,193,49,69,191,107,97,107,13,4,226,206,117,5,4,207,262,124,181,7,341,214,70,44,227,212,218,110,4,249,119,228,8,113,177,115,4,169,10,639,113,117,86,165,123,107,10,8,298,206,117,27,174,108,193,7,,125
"The net cooling effect of a healthy tree is equal to 10 air conditioners operating 20 hours a day.","The net cooling effect of a healthy tree is equal to ten air conditioners operating tine hours a day.",133,91,145,3,237,59,44,202,116,17,4,276,91,27,560,225,113,84,107,99,107,106,63,10,104,350,133,30,772,253,220,134,6,244,78,46,131,11,131,113,4,197,47,195,114,7,201,237,141,158,5,421,199,124,134,162,113,109,8,298,107,44,119,79,7,465,282,111,13,189,207,106,90,6,243,162,302,10,1235,210,116,7,105,79,8,286,203,121,4,112,38,3,263,116,120,105,73,176,260,193,177,233,117,188,266,170,7,694,215,143,118,69,277,272,169,233,101,6,125,12,145,141,122,111,95,36,184,8,2580,276,351,103,273,195,10,75,126,8,106,241,113,26,107,605,5,12149,3299,1589,379,909,3073,2690,448,3952,264,224,208,217,206,271,288,,337
"With its blue skies and abundant life, planet Earth is a pretty special place.","With its bune skies and abundant life, puanet earth is a pretty special place.",3813,1094,4320,620,1140,923,361,1154,3458,1932,2401,1984,767,3184,1385,1936,1201,497,560,723,847,2876,974,808,8820,812,2168,3466,529,427,828,668,5552,844,1594,2102,3129,2621,2437,967,414,462,718,341,600,1891,396,1172,1005,1306,626,4938,494,385,376,455,1376,836,2502,1954,277,450,743,826,942,1053,1367,1597,359,2561,806,1961,1426,405,2556,933,4324,,1548
"A salmon's sense of smell is thousands of times better than a dog's.","Asalmon's sense of smell is thousands of times better than a dogs.",1413,3056,3095,1670,994,1594,3626,3377,277,613,1555,1651,1288,342,371,1042,5100,653,439,2117,1522,3202,401,887,3425,319,384,1130,504,1872,556,966,905,448,4330,945,657,468,4801,1129,2337,451,1114,1188,451,519,4673,810,526,571,897,334,533,1567,309,989,314,695,553,455,2559,534,2884,670,2415,,1385
"When a book lover is in charge of the floor plan.","When a book lover is in charge of the floor plan.",3211,2242,1110,436,529,469,1003,2605,399,1720,494,1520,859,1975,729,801,974,426,453,328,391,329,362,547,1212,495,1236,1355,498,667,557,6492,800,1449,249,2365,515,4138,955,515,298,324,333,530,6128,631,336,1149,,1166
"The net cooling effect of a healthy tree is equal to 10 air conditioners operating 20 hours a day.","The net cooling offect of a healthy tree is equal to 10 air conditioners operating 20 hours a day8.",319,1222,1222,955,782,336,381,2435,559,392,2707,2482,582,3215,895,594,6926,472,683,1505,357,793,842,9444,1040,449,357,512,1965,473,3169,636,467,11806,945,493,617,987,204,795,7833,778,289,289,907,480,726,2858,598,935,380,1143,3006,454,1147,445,352,284,353,2319,2662,2342,7270,422,710,557,543,670,11846,522,289,1556,1235,2058,1039,412,359,569,562,744,1204,1574,1206,170,1618,1093,701,1428,749,256,436,337,380,3861,464,1233,1907,3218,,1502
"With its blue skies and abundant life, planet Earth is a pretty special place.","With its blue skies and abundant life,  planet earth is a pretty special place.  .",134,710,81,588,105,121,90,459,5,401,40,513,74,400,1389,4,446,43,1146,73,279,85,343,77,894,4,284,71,1378,68,301,87,465,84,215,91,235,3,487,53,1224,497,588,6,414,554,53,502,71,2525,76,366,90,386,85,865,75,137,87,5,960,5,1977,50,190,67,643,75,267,89,465,3,547,3,714,36,371,46,765,84,795,85,613,86,560,94,5,1034,9,314,69,274,70,552,51,360,90,210,93,160,5,1337,51,597,77,220,1,364,51,878,6,303,42,499,70,143,89,542,99,63,96,143,90,4,168,6,458,66,389,67,437,88,128,92,447,86,447,88,457,71,8,258,4,1717,36,837,54,2338,81,1701,73,201,86,1355,5,1372,6,848,,339
"A salmon's sense of smell is thousands of times better than a dog's.","A Salmon's sense of smell is thousands of times better than a dog's.  .",382,5,395,65,183,59,1165,70,248,91,131,88,5,243,91,1202,3,1090,70,163,80,603,85,731,86,146,92,740,6,530,44,421,70,192,3,352,67,383,80,327,483,88,106,94,292,4,239,45,585,83,750,6,251,240,87,229,84,147,96,664,71,4,351,88,545,71,437,70,1,231,89,643,6,423,40,422,79,602,6,231,514,71,252,85,448,76,163,541,9,472,42,348,92,427,104,60,95,275,87,123,69,4,331,5,371,441,86,338,88,1158,89,175,2,430,343,5,321,503,455,89,402,94,690,6,705,8,878,4,879,,254
"When a book lover is in charge of the floor plan.","When a book lover is in charge of the floor plan .",61,392,373,86,808,89,144,3,385,788,5,208,56,409,72,148,195,88,292,3,768,40,255,62,473,77,216,87,108,93,194,5,1493,47,417,87,294,4,480,42,326,81,197,3,730,448,84,345,86,336,88,828,75,206,86,3,188,5,504,38,395,67,672,5,235,59,189,88,290,86,210,3,1154,72,549,72,211,86,71,93,362,87,753,5,518,47,245,43,870,83,446,77,1006,3,539,,252
"The net cooling effect of a healthy tree is equal to 10 air conditioners operating 20 hours a day.","The net cooling effect of a health tree is equal to 1/ air conditioners operating 20 hours a day.",276,85,326,88,645,3,310,59,288,75,399,85,504,3,400,65,400,222,88,174,89,1204,71,1662,87,632,86,1,866,3,677,65,643,85,120,89,148,92,287,87,355,86,3,174,3,423,47,769,77,201,4,517,794,6,243,555,87,322,90,552,86,398,86,301,88,212,5,1891,66,325,84,239,88,91,95,1360,4,764,46,520,81,290,4,581,67,2075,52,833,90,342,89,467,73,285,3,240,477,843,4,2910,992,4,580,6,3402,949,68,429,87,233,5,359,547,490,88,338,89,395,87,376,88,538,90,126,94,277,80,4,418,89,210,78,5,286,823,7,2139,36,218,56,423,85,148,89,288,71,305,85,534,71,400,78,237,86,4,259,5,2235,569,349,5,1937,341,72,126,90,324,231,88,249,6,414,848,5,297,69,301,66,704,69,1674,4,897,4,,344
